media_id,Media Cluster
1,9
10,19
1000,5
1001,2
1002,11
1003,18
1004,14
1005,14
1006,10
1007,22
1008,17
1009,17
101,9
1010,14
1011,2
1011a,2
1011b,14
1011c,2
1011d,2
1012,20
1012a,20
1012b,3
1013,5
1014,11
1015,19
1016,19
1017,9
1018,17
1019,14
102,1
1020,22
1021,12
1022,14
1023,10
1024,2
1025,9
1026,19
1027,19
1028,2
1029,19
1030,2
1031,1
1031a,1
1032,10
1033,20
1034,20
1035,13
1036,21
1037,1
1038,10
1039,19
104,10
1040,2
1041,2
1042,2
1043,5
1044,19
1045,17
1046,20
1047,17
1048,18
1049,7
104a,10
104b,10
104c,10
104d,10
105,19
1050,1
1051,14
1052,19
1053,2
1053a,2
1054,19
1055,14
1056,14
1057,14
1058,0
1058a,0
1058b,0
1058c,0
1058d,0
1058e,0
1059,21
1060,1
1061,22
1062,5
1063,0
1064,10
1065,9
1066,20
1068,14
1069,21
1070,1
1071,20
1072,12
1073,21
1074,2
1075,12
1076,17
1076a,17
1076b,19
1077,17
1078,12
1079,17
108,10
1080,17
1081,1
1081a,1
1082,5
1083,5
1084,12
1085,17
1086,14
1087,9
109,22
1090,17
1091,12
1092,2
1094,14
1095,14
1096,17
1097,14
1098,2
1099,21
11,1
110,19
1100,21
1101,14
1101a,0
1102,22
1104,14
1105,10
1106,12
1107,17
1108,20
1108a,20
1109,19
110a,1
111,1
1110,14
1111,1
1112,14
1113,3
1114,2
1115,2
1116,7
1117,17
1118,22
1119,21
1120,12
1121,8
1122,10
1122a,10
1123,17
1124,19
1125,12
1126,3
1127,1
1128,21
1129,21
113,22
1130,12
1131,2
1132,21
1133,17
1134,22
1135,19
1136,21
1137,6
1138,12
1139,20
113a,7
114,9
1140,19
1141,10
1142,22
1143,20
1144,6
1145,21
1146,21
1147,21
1148,14
1149,7
115,9
1150,20
1151,7
1152,21
1153,6
1154,1
1155,12
1156,10
1157,9
1158,12
1159,9
115a,9
1160,12
1161,1
1162,21
1163,2
1163a,2
1164,12
1165,7
1166,14
1166a,14
1167,22
1168,9
1169,9
1170,22
1171,22
1172,9
1173,16
1174,20
1175,20
1176,22
1177,19
1178,9
1179,22
118,9
1180,22
1181,22
1182,1
1183,11
1184,12
1185,20
1186,19
1187,14
1188,5
1188b,5
1189,4
119,21
1190,10
1191,10
1192,15
1193,3
1194,12
1195,12
1196,6
1197,21
1198,3
1199,9
119a,21
119b,21
119c,21
11a,1
11b,1
12,15
120,14
1200,7
1201,10
1202,14
1203,3
1203a,3
1204,12
1205,15
1206,2
1207,17
1208,14
1209,15
120a,14
120b,14
120c,14
120d,14
121,21
1210,14
1210a,14
1210b,14
1210c,14
1211,14
1212,21
1213,12
1214,12
1215,10
1216,12
1217,21
1218,21
1219,22
122,10
1220,22
1221,12
1222,21
1223,5
1224,21
1225,11
1226,21
1227,21
1228,11
1229,11
123,20
1230,11
1231,12
1232,2
1233,12
1234,5
1235,1
1236,2
1237,2
1238,9
1239,11
124,14
1240,18
1241,18
1242,20
1243,2
1244,6
1245,19
1246,11
1247,20
1248,10
1249,21
125,18
1250,14
1251,5
1252,19
1253,3
1255,14
1257,14
1258,9
1259,9
126,9
1260,15
1261,19
1262,12
1263,2
1264,22
1265,10
1266,7
1266a,21
1267,2
1267a,2
1267b,2
1269,9
127,19
1270,10
1271,14
1272,11
1273,2
1274,19
1275,7
1276,22
1277,14
1277a,14
1277b,0
1278,2
1279,3
1280,14
1281,10
1282,7
1283,17
1284,1
1285,10
1286,10
1288,10
1289,9
129,15
1290,2
1291,0
1292,5
1293,20
1294,14
1295,9
1296,1
1297,14
1298,0
1299,14
13,10
130,1
1300,20
1301,14
1302,17
1303,12
1304,14
1305,15
1306,7
1307,1
1308,10
1309,1
1310,10
1311,3
1312,1
1313,7
1314,19
1315,7
1317,9
1318,14
1320,6
1321,10
1322,22
1323,22
1324,22
1325,21
1326,12
1327,6
1328,21
1329,14
133,22
1330,9
1331,15
1332,0
1333,17
1334,1
1335,17
1336,20
1337,12
1338,20
1339,12
134,22
1340,5
1341,10
1342,17
1343,21
1344,21
1345,9
1346,20
1347,22
1348,19
1349,19
135,2
1350,15
1351,6
1352,14
1353,12
1354,16
1355,10
1356,12
1357,8
1358,21
1359,21
135a,2
135b,2
135c,2
136,17
1360,4
1361,7
1362,15
1363,19
1364,9
1365,6
1365a,6
1366,1
1367,6
1368,10
1369,11
137,10
1370,22
1371,17
1372,22
1373,5
1374,7
1375,5
1376,22
1377,6
1378,7
1379,20
138,17
1380,20
1381,21
1382,21
1383,7
1384,20
1385,22
1386,21
1387,12
1388,12
1389,11
139,13
1390,21
1391,2
1392,12
1393,20
1394,6
1395,12
1396,21
1397,2
1398,10
1399,12
14,22
140,10
1400,1
1401,21
1402,19
1403,22
1404,8
1405,9
1406,7
1407,21
1408,20
1409,22
141,2
1410,5
1411,12
1412,8
1413,11
1414,22
1415,21
1416,21
1417,6
1419,6
141a,2
141b,2
141c,2
142,10
1420,6
1421,1
1422,20
1423,22
1424,19
1425,7
1426,7
1427,15
1428,20
1429,15
142a,0
143,20
1430,9
1431,12
1432,6
1433,10
1434,10
1435,10
1436,6
1437,6
1438,6
1439,6
144,14
1440,6
1441,6
1442,6
1443,6
1444,6
1445,10
1446,21
1447,15
1448,1
1449,12
144a,14
144b,14
1450,1
1451,14
1452,17
1453,20
1454,20
1455,8
1456,21
1457,7
1458,1
1459,5
146,15
1460,12
1461,12
1462,9
1463,17
1464,11
1465,11
1466,1
1467,17
1468,12
1469,21
147,10
1470,20
1471,3
1472,13
1473,14
1474,14
1475,2
1476,21
1477,14
1478,11
1479,11
148,0
1480,15
1481,20
1482,12
1483,22
1484,2
1485,11
1486,22
1487,14
1488,22
1489,15
149,0
1490,21
1491,11
1492,6
1493,13
1494,1
1495,22
1496,17
1497,21
1498,10
1499,15
150,10
1500,19
1501,22
1502,10
1503,3
1504,12
1505,21
1505a,0
1506,20
1508,14
1509,15
150a,10
1510,15
1511,14
1512,19
1513,14
1514,3
1515,21
1516,14
1517,16
1518,15
1519,12
152,10
1520,12
1521,12
1522,9
1523,0
1524,6
1525,2
1526,2
1526a,2
1526b,2
1526c,2
1526d,5
1526e,2
1527,2
1527a,2
1528,12
1529,14
153,19
1530,15
1531,6
1532,9
1533,21
1534,7
1535,12
1536,18
1537,12
1538,21
1539,14
1540,12
1541,17
1542,1
1543,19
1544,6
1545,1
1546,20
1547,17
1548,12
1549,20
155,1
1550,1
1551,17
1552,20
1553,1
1555,3
1556,15
1557,6
1559,15
156,20
1560,6
1560a,6
1561,2
1562,19
1563,20
1564,21
1565,5
1566,7
1567,2
1568,10
1569,11
157,10
1570,2
1571,7
1572,12
1573,5
1577,5
1578,6
1579,14
158,4
1580,9
1581,12
1582,19
1583,10
1584,14
1585,10
1585a,21
1586,7
1587,10
1588,12
1589,18
159,10
1590,18
1592,18
1593,18
1593a,18
1594,15
1595,9
1596,14
1597,14
1597a,14
1597b,14
1598,22
1599,21
160,19
1600,3
1601,6
1602,22
1603,19
1604,4
1605,8
1606,22
1607,19
1608,19
1609,15
161,2
1610,22
1611,10
1613,15
1614,1
1615,11
1616,14
1617,15
1618,12
1619,3
162,10
1620,20
1621,12
1622,21
1623,20
1624,18
1625,1
1626,1
1627,10
1628,1
1629,22
163,1
1630,14
1630a,14
1630b,14
1630c,21
1630e,11
1631,6
1632,19
1633,6
1634,8
1635,14
1636,2
1637,20
1638,3
1639,21
1640,3
1641,6
1642,12
1643,12
1644,18
1645,18
1646,9
1647,7
1649,7
165,2
1650,7
1651,6
1652,6
1653,21
1654,19
1655,20
1656,12
1657,20
1658,15
1659,10
166,10
1660,18
1661,14
1662,5
1663,14
1664,10
1664a,10
1665,2
1666,1
1667,0
1668,8
1669,15
167,1
1670,3
1671,21
1672,18
1673,18
1674,18
1675,14
1676,18
1677,18
1678,18
1679,18
1680,3
1680a,3
1681,2
1682,19
1683,7
1684,10
1685,19
1686,19
1687,21
1688,10
1689,7
169,10
1690,21
1691,7
1692,6
1693,18
1694,0
1695,6
1696,11
1697,7
1698,6
1699,2
169b,0
170,19
1700,21
1701,21
1702,21
1703,15
1704,9
1705,7
1706,22
1707,7
1708,21
1709,19
171,5
1710,22
1712,22
1713,3
1714,4
1715,3
1716,15
1717,2
1718,14
1719,6
172,12
1720,21
1721,5
1722,17
1723,13
1723a,3
1724,12
1725,20
1726,1
1727,18
1728,6
1729,7
172a,10
173,17
1730,12
1731,2
1732,18
1733,22
1734,10
1735,9
1736,10
1737,9
1738,22
1739,22
174,9
1740,1
1741,22
1742,15
1743,14
1748,12
1749,1
1750,13
1752,19
1753,16
1755,1
1757,10
1761,21
1762,19
1763,1
1764,17
1765,15
1775,3
1778a,11
1790,19
1793,3
1794,18
1796,10
1797,12
1800,7
1801,14
1802,18
1805,19
1809,10
181,17
1810,12
1815,19
1816,15
1817,15
1818,19
182,4
1820,19
1825,13
1828,18
1829,19
182a,21
183,20
1830,19
1831,18
1831a,3
1832,19
1836,2
1837,3
1840,11
1841,14
185,4
186,19
187,19
188,1
189,15
190,1
191,15
192,1
193,14
193a,14
193b,0
194,14
194a,0
194b,14
195,14
195a,14
195b,14
195c,14
195d,14
196,21
198,14
1a,9
2,9
201,14
202,14
203,2
204,1
205,12
206,14
207,14
209,19
21,9
210,14
211,14
212,0
212a,0
213,0
214,9
215,3
215a,3
215b,3
215c,3
216,17
217,17
218,3
219,19
220,15
220a,15
221,10
222,1
223,1
224,20
225,17
226,1
227,1
228,10
229,19
230,20
231,1
232,1
232b,1
233,2
234,10
236,1
237,9
238,9
239,15
240,19
241,9
242,10
243,12
245,15
246,12
246a,12
248,18
249,20
25,22
250,15
251,15
252,18
253,21
254,19
255,10
256,19
257,17
258,9
259,1
26,22
260,22
261,22
262,17
263,3
264,17
265,4
266,4
267,3
268,3
269,10
27,22
271,10
274,2
275,10
276,20
277,15
28,21
280,2
281,17
282,2
282a,2
282b,2
283,5
284,2
286,20
287,2
288,2
289,10
28a,13
28b,13
29,11
291,4
292,14
293,21
294,0
295,14
298,21
298a,0
298b,14
29a,21
3,1
300,21
301,3
302,9
303,20
305,9
306,9
308,12
309,9
31,9
310,15
310a,15
311,14
311a,14
311b,14
311c,14
312,19
314,14
315,2
316,2
317,5
318,14
318a,14
318b,14
318c,14
319,2
32,17
320,21
321,5
322,2
323,10
325,14
326,14
328,10
329,14
330,10
331,14
332,20
333,10
334,14
334a,14
335,0
336,0
337,0
338,20
339,3
339a,3
34,1
340,17
342,5
343,2
343a,5
344,19
346,14
347,0
347a,0
348,21
35,12
350,10
351,21
352,1
353,17
354,3
356,21
357,21
358,4
358a,4
359,19
35a,12
36,10
360,9
361,9
362,9
363,10
364,9
365,19
366,9
367,9
368,17
369,22
37,15
370,1
371,21
372,12
373,2
374,21
375,21
376,13
377,5
377a,2
377b,5
378,10
379,21
38,20
380,5
380a,2
381,20
381a,9
382,13
383,14
383a,14
383b,14
385,14
386,0
388,14
389,10
39,12
390,4
391,5
392,10
393,9
394,17
395,14
395a,14
395b,14
396,5
397,0
398,10
399,5
399a,14
40,12
401,1
402,22
403,3
404,2
405,12
407,0
408,5
410,1
411,3
412,2
413,19
414,17
419,21
420,9
421,13
422,3
423,9
425,15
426,9
427,19
428,22
429,15
429a,9
429b,9
429c,15
429d,15
429e,9
43,12
430,21
431,21
432,8
434,12
435,9
436,10
437,10
438,9
439,3
440,1
441,22
442,3
443,3
444,3
445,3
446,3
447,3
448,3
449,17
450,13
451,13
452,1
453,20
454,21
455,17
456,15
457,22
457a,22
457b,22
457c,22
457d,22
457e,22
458,22
459,3
46,12
460,1
461,7
461a,13
461b,13
461c,13
462,22
462a,22
463,7
463a,7
464,17
464a,17
465,22
465a,22
465b,22
465c,22
465d,22
465e,22
465f,22
465g,7
465h,22
465i,22
466,12
467,17
468,17
469,1
470,7
471,22
472,15
473,22
474,22
477,5
479,5
479a,5
48,1
480,14
480a,14
480b,14
480c,14
480d,14
481,5
482,21
483,5
484,10
486,10
487,14
489,10
49,1
490,5
491,5
492,8
493,5
494,2
496,14
497,14
498,5
499,21
500,14
501,4
502,14
503,0
503a,0
503b,2
503c,14
503d,0
503e,14
503f,14
504,0
505,14
506,2
507,14
507a,14
507b,14
508,14
509,14
509a,14
51,15
511,2
513,1
514,16
514a,16
514b,16
514c,16
514d,15
514e,16
514f,16
514g,16
516,14
517,14
518,10
519,5
52,0
520,21
521,14
523,10
524,12
525,2
525a,2
526,10
527,10
528,22
529,1
53,19
530,9
531,19
533,10
534,5
535,15
535a,15
535b,15
535c,15
536,21
537,18
538,1
539,21
54,19
540,2
541,21
542,3
544,20
545,15
545a,15
545c,15
546,20
547,18
548,19
549,12
54a,15
54b,19
55,22
550,19
551,19
552,9
553,19
554,9
555,19
557,14
558,2
558a,2
559,14
56,19
561,5
563,17
569,18
57,20
570,9
572,17
573,1
574,10
576,21
577,17
578,20
579,2
58,10
581,17
582,12
583,19
584,3
585,19
585a,19
586,7
587,19
588,12
589,12
59,17
590,6
591,14
592,4
593,12
594,18
595,19
596,17
597,5
598,7
6,1
60,10
600,6
600a,6
600b,6
601,17
602,6
603,6
604,3
605,9
605a,9
606,10
607,6
607a,6
608,20
609,18
61,20
610,17
611,5
612,21
613,2
614,2
615,10
616,17
617,9
617a,9
618,1
619,15
620,10
621,6
621a,6
622,12
623,12
624,12
625,20
626,9
627,9
628,6
629,6
63,1
630,20
631,9
632,22
633,10
634,3
634a,3
634b,3
634c,3
635,2
636,19
637,15
638,17
639,10
63a,1
63b,1
63c,1
640,21
640a,21
641,14
643,2
644,22
645,15
645a,3
646,3
647,0
647a,0
648,3
649,0
65,19
650,17
651,10
652,12
653,19
654,9
655,22
656,1
657,15
658,19
659,17
660,21
661,1
662,17
663,14
664,5
664a,5
665,10
666,10
666a,10
666b,10
667,14
668,15
669,1
67,1
670,10
671,2
672,3
673,4
674,10
675,20
677,12
678,5
68,10
680,17
681,20
683,14
684,14
685,2
687,15
688,2
689,8
69,10
690,2
691,14
692,5
693,15
694,3
695,17
696,1
697,13
698,17
699,19
7,9
70,10
700,2
701,5
702,14
703,19
704,10
705,21
708,14
709,10
71,10
710,14
711,14
711a,14
712,8
713,2
714,19
715,15
716,5
717,2
718,2
718a,2
719,21
720,14
722,0
726,15
727,14
728,0
729,19
73,20
730,2
731,2
732,14
732a,14
733,5
734,0
734a,0
735,19
736,19
737,22
738,2
739,14
74,20
740,2
742,2
743,10
744,10
745,21
746,21
747,21
748,21
749,2
75,13
750,9
751,1
752,12
753,20
754,20
755,20
756,10
756a,10
756b,10
756c,10
756d,10
76,21
760,16
761,5
762,18
763,17
764,5
765,21
766,5
767,22
768,6
769,8
770,12
771,14
772,10
773,6
774,9
775,20
776,10
778,14
778a,14
778b,14
779,19
78,19
780,3
781,15
782,12
783,5
784,14
784a,14
785,1
786,5
788,0
789,9
78a,19
78b,19
78c,8
78d,19
79,20
790,1
791,10
792,5
792a,5
792b,5
792c,2
793,14
794,5
795,5
795a,2
796,5
797,19
798,14
8,9
80,9
800,3
801,15
802,21
803,19
804,17
805,1
806,2
807,21
808,1
809,12
81,22
810,15
811,22
812,10
813,14
813a,14
813b,14
814,5
815,21
815a,21
816,21
817,8
818,14
819,5
81a,0
82,19
821,12
822,6
823,12
824,14
825,2
825a,2
826,2
827,14
828,0
829,0
829a,12
829b,0
829c,2
829d,2
83,1
830,6
830a,6
830b,21
830c,6
830d,6
831,9
833,14
834,14
835,14
836,21
837,2
838,21
84,18
840,3
841,10
842,21
843,0
844,20
845,0
846,14
846a,14
847,0
848,9
849,9
85,19
850,19
851,10
852,9
853,5
853a,5
853b,5
854,2
855,14
856,18
857,3
858,7
859,17
86,20
860,21
861,14
861a,14
863,15
864,21
866,14
867,12
869,3
86a,20
87,22
870,2
871,19
872,21
873,14
874,4
875,0
876,14
877,9
878,20
879,2
87a,0
88,4
880,14
881,0
882,22
883,4
884,9
885,10
886,11
887,5
888,22
889,5
88a,4
88b,4
88c,4
890,5
891,5
892,14
893,19
894,19
895,2
896,2
897,12
898,14
898a,14
898b,14
899,5
9,15
90,15
900,0
901,14
901a,14
902,14
903,0
904,17
904a,17
905,5
906,21
907,15
908,7
909,19
91,19
910,12
911,15
912,14
913,2
914,17
915,2
916,14
917,12
918,10
919,6
92,19
920,19
921,22
921a,22
922,22
923,1
924,2
924a,2
924b,2
925,11
926,5
927,21
928,11
929,11
92a,19
93,1
930,2
931,5
932,2
933,5
934,12
935,14
935a,2
936,12
937,19
937a,19
938,1
939,10
940,1
941,14
942,15
943,0
944,7
944a,7
945,12
945a,12
946,2
946a,2
947,14
948,17
949,12
95,21
950,12
951,21
952,9
953,9
954,12
955,9
956,10
957,10
958,22
959,12
959a,12
960,14
961,12
962,2
962a,2
963,14
964,9
965,5
966,6
967,15
968,21
968b,14
969,10
97,12
970,20
971,1
972,10
973,5
974,17
975,2
976,10
977,2
978,18
979,2
98,19
981,14
982,19
983,12
984,9
985,14
986,8
987,19
988,9
989,19
990,17
991,4
992,12
993,18
993a,18
993b,18
993c,18
994,7
995,1
996,21
997,2
998,21
999,21
9a,15
C1,18
C10,18
C100,3
C101,3
C104,3
C105,18
C106,18
C107,17
C108,18
C11,3
C110,18
C12,3
C13,18
C14,18
C15,18
C16,18
C17,18
C18,18
C19,18
C2,18
C20,18
C21,18
C22,13
C23,3
C24,17
C25,18
C26,17
C27,18
C28,18
C29,18
C3,3
C30,18
C31,18
C32,18
C33,12
C34,18
C35,18
C36,18
C37,18
C38,18
C39,13
C4,3
C40,18
C41,18
C42,18
C43,18
C44,18
C45,18
C46,18
C47,18
C48,18
C49,17
C5,3
C50,17
C51,13
C52,18
C53,18
C54,1
C55,18
C56,15
C57,18
C58,3
C59,18
C6,12
C60,19
C61,3
C62,3
C63,18
C64,18
C65,18
C66,18
C67,18
C68,15
C69,18
C7,12
C71,3
C72,13
C73,13
C74,3
C75,18
C76,18
C77,18
C78,20
C79,1
C8,12
C80,13
C81,17
C82,18
C83,18
C84,18
C85,18
C86,18
C87,3
C88,3
C89,18
C9,3
C90,3
C91,3
C92,18
C93,18
C94,18
C95,3
C97,3
C98,18
C99,3
J100,9
J1000,10
J1002,8
J1003,12
J1004,7
J1005,18
J1006,7
J1009,7
J101,10
J1010,7
J1011,12
J1012,5
J1013,21
J1014,4
J1015,13
J1017,7
J1018,17
J1019,5
J102,9
J1020,7
J1021,10
J1022,12
J1023,19
J1024,20
J1025,10
J1026,11
J1027,7
J1028,13
J1029,10
J103,19
J1030,7
J1031,7
J1032,7
J1033,7
J1034,11
J1035,21
J1036,10
J1037,10
J1039,7
J104,19
J1040,20
J1041,5
J1042,8
J1043,11
J1044,20
J1045,15
J1046,5
J1047,17
J1048,8
J1049,3
J105,15
J1050,12
J1051,21
J1052,10
J1053,7
J1054,15
J1055,10
J1056,10
J1057,8
J1059,8
J106,15
J1060,20
J1061,22
J1062,7
J1063,17
J1064,8
J1065,7
J1066,5
J1067,8
J1068,8
J1069,8
J107,19
J1070,7
J1071,7
J1072,19
J1073,7
J1074,8
J1075,21
J1076,11
J1077,11
J1078,11
J1079,11
J108,19
J1081,11
J1082,20
J1083,7
J1084,5
J1085,21
J1086,21
J1088,10
J109,1
J1090,8
J1091,6
J1092,20
J1093,8
J1094,1
J1095,7
J1096,9
J1097,7
J1098,7
J1099,15
J11,17
J110,1
J1100,8
J1101,8
J1102,17
J1103,7
J1104,7
J1105,12
J1106,8
J1107,7
J1108,7
J1109,17
J111,3
J1111,3
J1112,8
J1113,8
J1114,12
J1115,5
J1116,11
J1118,12
J1119,12
J112,10
J1120,12
J1121,21
J1122,21
J1123,21
J1124,21
J1125,21
J1126,7
J1127,3
J1128,12
J1129,21
J113,13
J1130,10
J1131,8
J1132,12
J1133,9
J1134,9
J1135,7
J1136,11
J1137,8
J1138,12
J1139,11
J114,1
J1140,20
J1141,17
J1142,7
J1143,7
J1144,8
J1146,7
J1147,21
J1148,21
J1149,11
J115,12
J1150,7
J1151,7
J1152,13
J1153,13
J1154,10
J1155,8
J1156,13
J1157,7
J1158,8
J1159,8
J116,17
J1160,7
J1161,7
J1162,4
J1163,1
J1164,3
J1165,15
J1166,7
J1167,7
J1168,20
J1169,1
J117,3
J1170,10
J1171,7
J1172,7
J1173,8
J1175,7
J1176,7
J1177,8
J1178,19
J1179,18
J118,3
J1180,7
J1181,7
J1182,10
J1183,7
J1184,21
J1185,20
J1186,7
J1187,7
J1189,8
J119,3
J1190,11
J1191,15
J1192,7
J1193,21
J1194,7
J1196,10
J1197,10
J1198,11
J1199,22
J12,15
J120,20
J1200,7
J1201,10
J1202,15
J1203,10
J1204,7
J1205,8
J1206,7
J1207,7
J1208,12
J1209,5
J121,20
J1210,17
J1211,8
J1212,10
J1213,10
J1214,8
J1215,12
J1216,19
J1217,17
J1218,8
J1219,7
J122,9
J1220,12
J1221,7
J1222,12
J1223,7
J1226,12
J1227,4
J1228,7
J1229,11
J123,17
J1230,22
J1231,18
J1232,3
J1234,15
J1235,13
J1236,20
J1237,7
J1238,7
J1239,10
J124,1
J1240,20
J1241,12
J1242,10
J1243,11
J1244,3
J1245,7
J1246,21
J1247,12
J1248,7
J1249,17
J125,9
J1250,8
J1251,3
J1252,12
J1253,22
J1254,12
J1255,22
J1256,7
J1257,7
J1258,7
J1259,15
J126,3
J1260,8
J1261,19
J1262,3
J1263,13
J1264,12
J1265,7
J1266,22
J1267,8
J1268,10
J1269,12
J127,10
J1270,3
J1271,10
J1272,7
J1273,3
J1274,10
J1275,4
J1277,11
J1278,8
J1279,8
J128,10
J1280,13
J1282,5
J1283,5
J1284,7
J1285,7
J1286,7
J1287,7
J1288,7
J1289,7
J129,10
J1290,21
J1291,10
J1292,21
J1293,5
J1294,8
J1295,9
J1296,19
J1297,5
J1298,7
J1299,10
J13,1
J130,1
J1300,10
J1301,8
J1302,8
J1303,17
J1304,7
J1305,3
J1307,7
J1308,22
J1309,21
J131,10
J1310,7
J1312,7
J1313,21
J1314,3
J1315,8
J1316,8
J1317,22
J1319,8
J1320,8
J1321,10
J1322,4
J1323,3
J1325,6
J1326,7
J1327,7
J1328,8
J1329,3
J133,10
J134,10
J135,10
J136,7
J137,19
J138,17
J139,9
J14,19
J140,17
J141,19
J142,10
J143,17
J144,17
J145,17
J146,1
J147,15
J148,15
J149,6
J15,17
J150,3
J151,5
J152,19
J153,19
J154,10
J155,1
J156,3
J157,17
J158,15
J159,4
J16,1
J160,4
J162,20
J163,3
J164,10
J165,4
J166,12
J167,22
J168,12
J169,12
J17,19
J170,12
J171,4
J172,4
J173,19
J174,4
J175,4
J176,10
J177,19
J18,1
J180,10
J181,1
J182,1
J183,4
J184,4
J187,7
J188,9
J189,12
J19,17
J190,21
J191,19
J192,21
J193,21
J194,21
J195,4
J196,4
J197,7
J198,7
J2,20
J20,19
J201,3
J202,19
J203,5
J206,5
J207,13
J208,19
J209,10
J21,1
J211,10
J212,12
J213,5
J214,5
J215,5
J216,8
J217,17
J219,19
J22,9
J220,1
J221,8
J222,1
J223,19
J224,17
J225,12
J226,1
J227,17
J228,5
J229,8
J23,9
J230,7
J231,8
J232,8
J235,12
J236,4
J237,5
J238,1
J239,18
J24,9
J240,15
J242,8
J243,7
J244,5
J245,15
J246,12
J247,17
J248,15
J25,9
J250,1
J251,8
J252,12
J253,15
J254,1
J255,8
J257,15
J258,3
J259,9
J26,19
J263,15
J264,19
J265,8
J266,8
J267,13
J268,5
J27,3
J270,21
J271,1
J272,7
J273,20
J274,12
J275,12
J276,20
J277,12
J278,3
J279,5
J28,15
J280,8
J281,9
J283,10
J284,7
J285,8
J287,12
J288,12
J289,5
J29,1
J290,3
J291,3
J292,3
J293,3
J294,21
J295,10
J296,10
J298,10
J299,12
J30,15
J300,12
J301,7
J302,15
J303,10
J304,8
J306,12
J307,12
J308,7
J31,9
J310,11
J314,11
J315,7
J316,5
J317,7
J318,19
J319,10
J32,9
J320,8
J321,20
J322,12
J323,1
J324,8
J325,8
J326,1
J327,19
J328,19
J329,12
J33,19
J331,19
J332,1
J333,15
J334,1
J335,7
J336,10
J337,10
J338,17
J339,8
J34,19
J340,11
J341,15
J342,15
J343,1
J344,8
J345,13
J346,6
J347,12
J348,12
J349,9
J35,1
J350,8
J351,13
J354,8
J355,8
J356,8
J357,13
J358,21
J359,15
J360,5
J363,19
J365,8
J366,8
J368,8
J369,8
J37,1
J371,5
J372,9
J373,22
J375,12
J377,12
J378,7
J379,8
J38,15
J383,7
J384,15
J385,5
J386,3
J387,6
J388,7
J389,1
J39,1
J391,7
J392,3
J395,21
J397,7
J399,8
J40,1
J401,8
J402,12
J403,7
J404,12
J405,8
J406,13
J407,9
J408,12
J409,13
J41,3
J410,13
J411,8
J412,8
J414,10
J416,8
J417,8
J418,3
J419,8
J42,19
J420,8
J421,8
J423,20
J425,8
J427,12
J428,1
J429,20
J43,19
J430,7
J431,7
J432,22
J433,7
J437,9
J438,12
J439,7
J44,19
J441,1
J442,12
J443,20
J444,12
J445,12
J446,11
J447,7
J448,8
J449,9
J45,19
J451,7
J452,19
J453,15
J454,8
J455,15
J457,12
J458,19
J459,17
J46,19
J460,19
J461,1
J462,7
J464,20
J466,19
J467,17
J468,17
J47,9
J470,8
J475,15
J476,17
J478,8
J479,3
J48,9
J480,8
J481,15
J482,15
J483,20
J484,8
J485,15
J486,15
J487,15
J488,15
J489,17
J49,19
J491,15
J492,8
J493,8
J494,12
J495,12
J496,21
J497,21
J498,9
J499,7
J50,18
J500,4
J501,7
J502,7
J505,3
J506,4
J508,8
J509,15
J51,17
J510,22
J511,7
J512,8
J513,8
J514,10
J515,21
J516,21
J518,15
J519,7
J52,1
J520,21
J521,17
J523,8
J524,8
J525,4
J526,10
J527,13
J529,3
J53,1
J531,12
J532,13
J533,21
J534,17
J535,20
J536,7
J537,0
J538,17
J539,7
J54,15
J540,7
J542,4
J543,5
J544,11
J545,11
J546,12
J547,9
J548,17
J549,11
J55,15
J550,5
J552,21
J554,21
J556,7
J557,20
J558,12
J559,12
J56,19
J560,21
J561,21
J563,10
J565,11
J566,8
J567,5
J568,21
J569,19
J57,19
J571,20
J573,5
J574,7
J576,7
J579,5
J58,18
J580,21
J581,19
J582,19
J583,15
J584,21
J587,1
J588,21
J589,10
J59,12
J590,12
J591,15
J592,8
J593,21
J594,7
J595,10
J596,15
J597,19
J598,9
J599,12
J60,18
J600,7
J601,6
J602,7
J604,7
J605,3
J606,20
J607,8
J608,20
J609,17
J61,1
J610,17
J611,12
J612,15
J614,10
J615,1
J616,7
J618,20
J62,15
J620,12
J621,8
J622,8
J623,12
J624,20
J626,4
J628,10
J629,12
J63,1
J631,6
J632,12
J633,17
J634,10
J636,7
J638,10
J639,10
J64,1
J641,10
J642,8
J643,7
J644,15
J645,12
J646,1
J647,21
J648,21
J649,12
J65,1
J650,21
J651,12
J652,12
J653,20
J654,10
J655,3
J656,20
J657,21
J658,21
J659,12
J66,15
J660,1
J661,21
J662,9
J663,9
J665,8
J666,9
J667,13
J668,20
J669,8
J67,3
J670,21
J671,7
J672,21
J673,8
J674,10
J675,10
J676,10
J677,3
J678,5
J679,21
J68,17
J680,5
J681,21
J682,7
J683,21
J684,7
J685,10
J686,19
J687,5
J688,3
J69,13
J691,4
J692,4
J694,5
J695,5
J696,8
J697,3
J698,10
J699,0
J7,15
J700,12
J701,12
J702,8
J704,21
J705,10
J706,11
J707,7
J708,21
J709,19
J710,19
J711,10
J713,7
J715,21
J716,21
J717,7
J718,7
J719,3
J72,13
J720,17
J721,7
J722,20
J723,3
J724,12
J725,12
J728,5
J729,5
J73,1
J730,3
J731,7
J732,13
J733,13
J734,20
J735,19
J736,12
J737,21
J739,17
J74,9
J740,10
J741,8
J742,10
J743,7
J744,12
J745,8
J747,7
J748,10
J749,7
J75,3
J751,5
J753,21
J754,7
J755,8
J756,21
J757,21
J758,21
J759,5
J76,13
J760,11
J761,19
J762,13
J763,3
J764,8
J765,21
J766,20
J767,20
J768,3
J769,6
J77,17
J770,7
J771,12
J772,21
J774,22
J776,21
J778,5
J779,8
J78,1
J780,3
J781,11
J782,5
J783,5
J784,11
J785,8
J786,5
J787,12
J788,12
J79,10
J790,17
J791,5
J793,12
J794,8
J795,3
J796,12
J797,12
J798,19
J799,19
J80,15
J801,3
J802,19
J803,3
J804,15
J805,3
J807,7
J808,7
J809,9
J81,18
J811,12
J813,20
J814,7
J815,22
J817,22
J819,7
J820,10
J821,17
J822,5
J823,7
J824,21
J825,7
J826,21
J827,7
J828,22
J829,12
J83,3
J830,11
J831,21
J832,12
J833,21
J837,5
J838,1
J839,6
J84,15
J840,9
J841,21
J842,20
J843,11
J844,11
J845,15
J846,7
J847,5
J848,12
J849,12
J85,9
J850,7
J852,7
J853,3
J854,10
J859,5
J86,19
J860,10
J861,10
J862,8
J863,13
J864,20
J865,11
J866,7
J868,11
J869,13
J87,17
J870,20
J871,21
J872,21
J874,11
J875,5
J876,21
J877,13
J878,12
J879,18
J88,3
J880,19
J881,7
J882,5
J883,8
J884,10
J885,13
J886,10
J887,11
J888,15
J889,8
J89,10
J890,9
J891,9
J892,5
J893,4
J896,19
J897,12
J898,2
J899,7
J90,10
J900,6
J901,15
J902,8
J903,10
J904,12
J905,12
J906,22
J907,7
J908,0
J909,5
J91,3
J911,7
J912,13
J913,3
J915,8
J916,15
J917,10
J918,8
J919,3
J92,10
J920,7
J921,13
J922,13
J923,7
J924,7
J925,15
J928,8
J929,5
J93,10
J930,13
J931,15
J932,7
J933,7
J935,7
J936,7
J937,5
J940,7
J941,11
J943,13
J944,7
J945,8
J946,13
J947,21
J948,8
J95,10
J950,21
J951,21
J952,10
J953,11
J954,12
J955,5
J956,12
J957,7
J958,5
J959,12
J96,9
J961,12
J962,11
J963,8
J964,11
J965,10
J966,21
J967,8
J968,21
J969,19
J97,19
J970,21
J971,8
J973,12
J974,22
J975,12
J976,7
J977,8
J978,12
J979,6
J98,1
J980,12
J981,7
J983,7
J984,8
J985,7
J987,11
J988,7
J989,11
J99,1
J990,7
J992,22
J993,11
J994,8
J995,6
J997,17
J998,7
J999,9
